<?xml version="1.0" encoding="UTF-8"?>
<actions>
        <action>
            <actionName>run</actionName>
            <packagings>
                <packaging>jar</packaging>
            </packagings>
            <goals>
                <goal>process-classes</goal>
                <goal>org.codehaus.mojo:exec-maven-plugin:1.2.1:exec</goal>
            </goals>
            <properties>
                <exec.args>-classpath %classpath org.clas.viewer.FTHODOViewerModule</exec.args>
                <exec.executable>java</exec.executable>
                <Env.CLAS12DIR>/home/lzana/Hodo/Backup/coatjava/</Env.CLAS12DIR>
            </properties>
        </action>
    </actions>
